name,age,street,city,state,zip,lng,lat
Kathleen Hernandez,78,77593 Michael Knoll Suite 783,East Danielchester,Virginia,74982,-128.485649,-80.505689
Eric Gibson,48,858 Richardson Glens,Floresburgh,Colorado,10239,111.680154,-67.062752
Carl Brown DVM,21,8885 Booker Street Suite 490,West Scott,Arkansas,97198,-110.551038,77.390078
Rebecca Marshall,45,27284 Tammy Inlet Suite 435,New Jamesborough,Colorado,13603,18.517776,-27.069919
Madison Edwards,73,481 Curtis Shores,Port Mark,Oklahoma,35266,169.609585,-7.238140
Anthony Carroll,54,772 Washington Lakes,East Robert,Idaho,21832,-115.494960,-16.3074125
Monica Stone,33,3139 Ellis Mission Suite 459,Greenborough,Rhode Island,93583,-162.668526,-85.4053545
Samuel Olson,29,0162 Danielle Burgs,Schroederhaven,Tennessee,38137,-40.987919,-4.647728
Karen Levy,52,500 Carroll Shores,Clarkville,Pennsylvania,52617,-69.869489,-0.564160
Bryan Cox,34,1447 Carol Crossing Suite 595,New Nathanielhaven,Alaska,39698,167.321548,42.722084
Donald Lucero III,30,340 Jared Dale,Lake Jamesburgh,Arizona,00636,-169.120652,-54.2109225
John Rush,39,62868 Long Pass Apt. 791,Johnfort,Oklahoma,71985,-90.946320,81.973867
Shannon Hernandez,60,6301 King Garden,Port Phyllisburgh,Pennsylvania,45160,131.840660,20.9170625
Karina Navarro,62,3574 Walter Fields Apt. 135,South Sharon,Wisconsin,39298,155.991880,74.401256
Mark Stone,74,8325 Smith Harbors Apt. 265,West Stephanie,Delaware,11368,92.788539,-23.1792885
Kayla Palmer,69,77923 Hensley Cliff,Hopkinsmouth,Alaska,49737,146.622060,-37.241777
Randall Diaz,28,611 Cruz Islands Suite 980,Port Natalie,Arizona,56714,105.050698,-35.959252
Rebecca Wagner,79,7578 Brewer Village Suite 680,Youngberg,South Dakota,24861,-57.617201,-74.3024305
Thomas White,79,47775 Scott Skyway,North Jacobbury,Minnesota,03565,2.020472,39.962907
Daniel Steele,50,6932 Anthony Hills Suite 827,West Kylefurt,Montana,33350,-159.006985,-88.4071355
William Short,61,9679 Shaun Course Apt. 488,East Joseph,Montana,68731,87.413718,56.534274
Stacy Drake,23,66998 Philip Rest Suite 795,North Kristen,Arkansas,43100,42.525790,88.449408
Michael Taylor,77,48159 Matthew Ramp Suite 400,North Ronaldburgh,Utah,49031,106.066633,74.411296
Bryce Maxwell,22,25120 Robert Way,New Brenda,Massachusetts,35454,-161.654031,-84.102614
Misty Patterson,70,1002 Dustin Mountain,Christychester,Kansas,80271,62.707409,14.044094
Lisa Owens,76,9755 Medina Drive Apt. 589,Jeromefurt,California,01308,-55.770374,43.080424
Mr. David Malone DVM,27,93634 Brandon Manors Suite 215,Port Maryland,Massachusetts,83649,45.027708,37.746439
Laura Martin PhD,79,063 Morgan Ways Suite 882,Lake Dawnmouth,Hawaii,08856,78.190997,-2.420317
Morgan Williams,24,2437 Reynolds Valleys Suite 638,North Christopherberg,Missouri,36689,-24.054282,26.297648
Dana Hernandez,44,6417 Harris Island,New John,Georgia,39178,-81.395336,-1.3172865
Joseph Sutton,24,16631 Katherine Fall,Port Melanieburgh,Utah,47294,165.777308,-39.4016045
Tricia Johnson,70,986 Jared Groves,Micheleton,Iowa,36695,-124.144920,61.0396015
Angel Robinson,38,64160 Johnson Burg Suite 752,Amandaton,Alabama,10266,154.258298,-13.2691435
Chelsea Russell,61,1588 Payne Canyon,North Amanda,Nevada,02964,-163.201885,80.436580
Rebecca Castillo MD,34,8592 Nathan Ports,Nathanhaven,New Jersey,88608,48.969483,3.393519
Amy Dalton,43,1454 Patricia Islands,Brittanyburgh,Idaho,07547,75.901685,24.1892325
Holly Cannon,57,46313 Stephanie Forge Suite 927,New Charles,North Carolina,12131,-6.815548,-37.6788085
Bruce Ward,63,39419 Michelle Ranch Suite 159,Mcdowellfort,Alabama,13902,-36.093446,3.173509
Crystal Young,48,50438 Baker Forest,West Lawrencefort,Vermont,47054,-51.773552,68.635683
Oscar Sullivan,69,21514 Hodge Bypass,South Aaron,North Carolina,22063,-6.010904,-3.9931595
Samantha Brown,35,977 Miller Courts,South Lisa,North Dakota,85147,89.813666,-79.7421805
Joyce Ruiz,33,36478 Young Place,North Richard,Texas,76213,-62.722935,75.356187
Alan Wright,55,06197 Maldonado Prairie Suite 494,Port Tiffanyview,Utah,16065,24.320085,-1.0327985
Maria Smith,77,4334 Johnson Lights Apt. 627,Lewisport,Virginia,08188,93.080334,15.696805
Tony Ramirez,62,7675 Brandon Crest,Lake Lauraville,South Dakota,73541,133.222539,66.4380955
Connie Bell,62,42606 Stephanie Shoals Suite 769,Karenshire,Nebraska,43945,-112.829919,51.173089
Brenda Jackson,37,61302 Lucas Ramp,Riverafurt,South Carolina,41539,-60.540211,5.7555025
Andrew Jones,48,5928 James Forges,West Haroldville,Connecticut,60177,-47.073739,74.149925
Michael Martin,25,5698 Joshua Shore,New Patriciafurt,Arkansas,17387,-26.067945,-13.9352995
Jessica Stanley,76,21750 Davidson Turnpike,East Brookebury,Massachusetts,02098,-120.679717,18.746778
Jennifer Long,70,2196 Aaron Road,Markchester,Alaska,22093,8.047353,14.5651965
Jacob Cook,79,9175 Gregory Pine Suite 861,South Sarah,West Virginia,74330,139.105615,-7.063092
Tina Solomon,58,856 Matthew Freeway,Port Vincentburgh,Louisiana,58182,100.140295,-27.5565465
James Massey,41,42054 Anthony Locks,Franciscofurt,Vermont,48446,-7.139699,88.671210
Robert Clayton,22,538 Megan Walks,South Hannahland,Illinois,20292,-1.760395,-18.2249915
Alexander Gutierrez,22,56574 Evans Stravenue,North Briannatown,Florida,19964,-37.151790,59.990036
Terry Jones,60,06542 Lynch Village,North Curtisport,Indiana,38015,116.057192,-59.0718035
Kimberly Brown,72,7157 Laura Radial Suite 099,Whiteburgh,Alaska,73498,-61.981076,-67.2858665
Renee Holland,58,2780 Danielle Union,North Stephaniemouth,Arkansas,02820,-88.803379,-56.7486485
Marco Hurst,37,708 Karen River,Kathrynton,Hawaii,61196,-55.227860,-1.330431
Morgan Rios,55,225 Robert Union,Daughertyland,Missouri,77916,-135.659294,-57.1853405
Jeffery Cobb,72,7360 Montes Island Apt. 287,North Rhondachester,Rhode Island,95396,-39.121184,-45.984936
Aaron Sullivan,26,215 Shane Port,Millerfort,Wyoming,53495,-171.629407,19.392538
Robert Medina,56,0403 Jane View Apt. 454,Sandersburgh,Oregon,37397,136.365863,-48.0206605
William Fleming,27,141 Marie Track,West Kayla,Oregon,24367,-120.201075,-82.913459
Zachary Long,24,747 Jodi Rest,Hernandezmouth,Utah,06261,151.757407,-14.103632
Angela Johnson,32,362 Harrison Canyon,Chaseport,Wisconsin,35066,4.130583,33.207035
Timothy Frost,64,511 Foster Loop,Matthewfort,South Carolina,72703,95.759895,22.154948
Amber Miller,46,617 Romero Roads Apt. 500,Hernandezside,Nebraska,30513,-37.048983,6.455109
Ashley Gibson,57,95507 Morris Corners,Lake Marymouth,Mississippi,79724,132.295123,43.0200245
Angela Vasquez,75,817 Lester Village,Cortezstad,New Jersey,52497,-75.241121,56.8782645
Timothy Church,72,47894 Arnold Common Apt. 165,Jeffreyview,Louisiana,99295,-154.085489,-62.8136775
Kimberly Lewis,50,6473 Tiffany Highway,Wardhaven,Maine,19096,10.396484,-34.018897
Regina Harris,66,5689 Moore Crossing,Smithfurt,Minnesota,14301,-143.851560,-78.128159
Michelle Kramer,63,0327 Hurst Crossroad,Port Michelleborough,Illinois,04720,-83.344381,36.952711
Adam Coleman,61,7268 Lopez Greens,Lake Rose,Arkansas,51807,-25.953277,12.1674345
Mrs. Elizabeth Hays,72,1234 Wright Village,Farmertown,Virginia,28305,-137.375401,-46.672142
Jonathan Mccoy,63,63093 Gibson Well,North Tracyburgh,Maine,81870,-131.833487,14.3816625
Adam Johnson,38,2910 Smith Plaza Suite 506,Osbornefort,Utah,28008,-89.266716,-39.7315385
Renee Bradley,26,50183 Tammy Views,Collinmouth,Rhode Island,81445,-67.974413,52.0785155
Mr. Hunter Mayo DDS,43,534 Sara Square,South Savannahport,California,28416,-67.604009,-29.698234
Tiffany Avila,61,364 Torres Cove Apt. 383,Amyfurt,Pennsylvania,24803,94.747355,-11.593268
Emily Phillips,53,572 Cook Locks,North Melissashire,New Jersey,20492,162.530728,33.279669
Mary Williams,62,8256 Mitchell Estate Apt. 212,Bowersmouth,Idaho,07557,126.093347,65.0143235
Kayla Mason,42,69309 Holly Drive Apt. 886,South Heathermouth,Wisconsin,27307,-95.301151,-62.751114
Christopher Reed,20,47757 Potts Neck Apt. 677,New William,Colorado,90218,85.981635,-26.979087
Casey Smith,52,899 Larson Cape Suite 235,Gardnerbury,Connecticut,19965,65.005678,-25.1439035
Daniel Ochoa,63,1945 Green Landing,West Sandra,California,48169,-0.931429,6.1706245
Elizabeth Cunningham,44,3502 David Lights Apt. 150,Thompsonview,Colorado,41943,-120.950042,-80.287323
Dave Mccoy,49,878 Lynn Groves Suite 435,Jenningsberg,Alabama,78403,-121.676517,-41.6102915
Rebecca Garcia,29,13891 Parrish Manors Suite 919,Rileyside,New Mexico,88498,-87.267711,62.184419
Juan Mccoy,39,78992 Sean Place Apt. 326,Thompsonfurt,Kentucky,33616,-154.380069,-55.951853
Daniel Gonzalez,44,02425 Kristen Brooks,New Terryburgh,Pennsylvania,16199,12.344607,-2.4345055
Alan Marshall,42,195 Mcdonald Ville Apt. 209,Butlertown,North Carolina,88194,142.878731,17.551851
Paul Bryant,67,0129 Hood Course,Patriciatown,New Mexico,18283,-58.062239,89.731871
Brandon Newman,51,59829 Ryan Course,Lake Stevenfurt,Oregon,50416,-133.986075,-39.080564
Alice Durham,27,9051 Cynthia Field Apt. 114,Timothyland,Alaska,08745,-16.648232,-51.2454175
Javier Schaefer,48,979 Simpson Well,Port Andres,Texas,90171,49.874773,-34.7082335
Brian Elliott,37,2269 Warren Island,Josephshire,Mississippi,75710,-101.953551,83.047711
Michele Reyes,62,85290 Johnson Corners,Kimberlyfort,West Virginia,62209,-46.842918,-6.0375485
Shannon Watts,56,928 Heather Island,Bowenborough,Idaho,94103,145.930356,17.0498615
Dr. Pamela Santiago,73,36897 Amber View Apt. 119,West Heidiland,New Mexico,88103,7.973346,11.8984915
Amy Estrada,68,94881 Orozco Gateway Apt. 723,East Elizabethfort,Maine,49581,-133.860490,-89.4274595
Raymond Mosley,60,106 Rogers Isle Suite 430,South Jacobmouth,Maryland,21663,-146.955120,-24.0804525
Nicholas Bennett,25,15100 Jones Vista Suite 698,West Cesar,Missouri,02853,-178.707594,-53.4904955
Ryan Myers,43,6323 Brian Mountain,Diazmouth,Kentucky,50580,-138.304587,-42.903324
Kevin Acevedo,37,65110 Graham Circles Suite 100,Lake Dylan,New Mexico,78433,52.030588,35.998760
Diana Medina,45,5994 Stanley Neck Apt. 279,Kimberlyton,Hawaii,23725,-76.828720,-34.1742075
Victor West,40,9142 Lowe River Apt. 617,Lake Donald,New Hampshire,61179,162.151606,-49.7412895
Rhonda James,67,5169 Avila Mill,South Melissashire,Delaware,08988,18.340450,87.092226
Mr. Eugene Conley,77,523 Schultz Neck Apt. 537,Harmonberg,Oregon,84423,91.638737,-45.9235935
Jeffrey Hoffman,44,90390 Maldonado Loop,Port Susan,Maryland,45933,-2.564338,84.6528375
Clifford Blankenship,69,9139 Miller Meadow Suite 402,Hamiltonbury,Arizona,30070,-10.717439,26.844793
Roberto Rodgers,50,56114 Garrett Fall Suite 448,New Tara,Indiana,27775,16.198866,47.4167435
Kayla Thomas,67,12982 Rangel Fords,West Danielle,Georgia,59109,74.507082,6.7543365
Matthew Davis,27,47953 White Junctions,Brownville,South Carolina,12256,-114.269136,87.6300395
Andrew Harris,30,02484 Steven Shore,Mackmouth,New Mexico,35061,110.554885,54.110264
Jeff Farrell,66,85529 Scott Haven Suite 160,Griffinborough,Pennsylvania,28763,-94.455570,36.423662
Sean Johnson,49,450 Arnold Prairie,South Margaretville,Rhode Island,62755,9.611421,-35.0531955
Jennifer Chapman,74,783 Taylor Haven,New Patriciaton,Alabama,39701,100.855960,42.535147
Cindy Campbell,45,08090 Frances Grove,Lake Sarah,West Virginia,64081,174.588269,-74.640933
Joshua Barajas,57,8047 Gay Pass,Tylerland,Alaska,88816,-119.050313,62.9665365
Angela Branch,34,34421 Catherine Ferry,Heatherberg,Wyoming,32872,79.397200,53.8018075
Michael Brooks,61,46157 Williams Landing,Simmonsmouth,Kentucky,50900,-43.865867,58.9847915
Jacqueline Anderson,46,390 Jessica Mountain Suite 942,Lake Adamstad,Iowa,91282,101.674827,12.781777
Donald Vaughn,74,38823 Melvin Inlet Apt. 111,Greenbury,Alaska,75550,47.188262,-65.4166295
Gabriel Boyd,35,73288 James Mountain Apt. 950,West Heather,Washington,84504,34.567512,-19.6163185
Anthony Larson,73,0781 Vasquez River Apt. 757,North Markton,Louisiana,66364,89.269866,14.980984
Cynthia Parker,50,80922 Moody Grove,Gonzalezton,Idaho,63593,-119.196606,-79.188373
Amber Blair,66,5696 Blair Loop,Kimberlystad,Connecticut,06511,80.955962,61.5697965
Angela Brown,24,967 Shannon Groves Apt. 691,Andradestad,Maryland,76461,143.551838,-24.584991
Matthew Bryant,65,229 Johnston Center Suite 014,Jamietown,Nebraska,26829,-122.844405,-70.454085
Michelle Golden,69,034 Vargas River,Youngmouth,Wisconsin,91634,129.859830,-83.293886
James Mcintyre,21,137 Kenneth Bypass,Sellersville,Nevada,34038,-99.886683,56.352635
Joel Conley,60,373 Barbara Green Apt. 463,Smithfurt,Kansas,11895,70.167822,1.874909
Tara Reed,26,539 Henry Point,Nguyenside,Alaska,57316,-112.537189,-77.703176
Matthew Smith,75,153 Debra Streets,North Elizabethbury,Oregon,11650,62.681007,-14.9501035
Laura Bell,51,23383 Kline Lakes,South Robert,Montana,86861,-89.112056,-6.302662
Cindy Rivera,72,768 Bowman Crescent,Stevenland,Rhode Island,36173,119.778344,-45.2876575
Cindy Mata,22,9121 Tonya Point Suite 767,Davidsonfort,Rhode Island,34657,81.725123,78.1731935
Rebecca Vargas,28,76960 Shawn Lodge,West Jenniferport,Wyoming,56394,-145.459554,-7.3531485
Lucas Price,31,21223 Ebony Trail Suite 079,North Janet,Alabama,22947,126.733709,-39.749612
Allen Palmer,73,358 Carey Light Suite 878,North Tylerhaven,Georgia,50115,-15.601842,51.4026895
Kevin Rivera MD,37,2442 Hickman Hills,Torresshire,Indiana,29909,16.049860,5.440603
Dr. Kendra Norman,52,3896 Aguilar Curve Suite 024,Jasonport,Utah,08864,-38.130327,-15.6593425
Gregory Olson,20,063 Baker Locks,Williamsshire,Maine,16496,171.622860,-3.7224975
Megan Miller,21,0187 Eric Locks Apt. 921,Harrismouth,Maine,77832,-50.865970,47.497257
Brett Hall,40,1495 Paul Canyon,Keithstad,Colorado,40656,-63.532285,-39.3917525
Jeffrey Stein,80,92045 Michelle Locks Suite 072,Lake Brooke,Arizona,59763,122.144979,-30.9087695
Sara Schneider,53,1370 Clark Fords,Frystad,Hawaii,79654,-45.074110,48.558081
Nicole Nicholson,62,876 Kimberly Villages Suite 734,Lake Vickimouth,North Dakota,75701,129.917679,32.344951
John Mccarthy,54,5653 Pennington Unions,Mistyton,New Hampshire,47683,-56.108530,-11.4725125
Michael Shields,23,1928 Ann Hills,Rebeccaside,Delaware,33217,111.295115,-15.815500
Megan Mullins,62,84605 Krystal Extensions,Lake Jenniferchester,Connecticut,37811,-37.860191,30.1061525
Kenneth Hunter,23,235 Travis Loaf,Pamelaburgh,Utah,97423,26.894464,17.488180
Cory Curtis,42,28963 Alvarado Run Suite 089,North Sandra,Maine,20611,1.049464,-52.9972145
David Diaz,70,690 Beck Mountain,East Janice,Wisconsin,94660,65.565126,77.7556915
Kayla Evans,51,97055 Russell Falls Apt. 389,Grantbury,Vermont,12144,158.498608,12.224215
Brittany Brown,31,1414 Jay Rapids,Jeremyview,Indiana,58701,168.994938,-27.223241
Suzanne Perez,25,22382 Clark Expressway Suite 975,New Nicolasland,California,49339,37.645561,-11.981245
Tina Hernandez,46,53565 Jason Oval,New Jasonview,Louisiana,19227,-56.729053,71.5199165
Suzanne Smith,42,01630 Manning Parkways Apt. 902,Brewerside,Idaho,48372,54.707511,-40.9361365
Nathan Stout,24,6162 Jackson Summit Suite 188,Kennethberg,Tennessee,44134,-152.694263,-73.6384245
Catherine Townsend,68,605 Allen Burgs,Williamsside,Illinois,78017,-46.560543,-54.5464725
Terry Woods,49,5879 Belinda Drive Apt. 055,Westchester,Connecticut,54022,-88.304171,-4.6536445
Wanda Meyer,65,745 Ramos Landing Suite 385,Mullinsburgh,South Dakota,44775,-23.357994,62.574573
David Guzman,44,79706 Roberts Harbor,West Courtney,Kentucky,88678,-77.100721,75.1942755
Kevin Richardson,66,2062 Davis Glen,Sullivanton,Vermont,72403,55.192171,-23.4815655
Laura Lee,62,78108 Jasmine Throughway Apt. 220,West Travistown,Wisconsin,02160,-157.532540,-74.735765
Christopher King,50,5265 Lindsay Throughway,North Ryan,Hawaii,88166,-75.590879,-14.6438885
Dr. Kyle Sloan,20,05414 Crystal Bridge,North Tylertown,Michigan,41715,141.097643,-5.1225985
Aaron Chang,80,6955 Hall Skyway Apt. 266,Bartonport,Ohio,05746,104.564107,-25.844159
Carol Mooney,34,4976 Frederick Overpass Apt. 577,Lake Michelle,Oklahoma,21682,99.418277,-54.558559
Miranda Calhoun,73,9211 Jodi Throughway,Markport,Rhode Island,48162,-49.761556,-28.479751
Lauren Duran,58,4464 Wanda Lock Suite 354,Gonzalezborough,Kentucky,18962,119.906575,61.7410435
Dr. Timothy Richardson,47,86413 Hoover Walks Suite 885,New Olivia,Colorado,36760,41.521998,44.1265125
Jason Willis,73,7082 Kimberly Station,Lake Ashleyfurt,Utah,85446,-31.121789,31.0436515
Nicholas Mccarthy,50,1242 Garcia Route,Roseburgh,Pennsylvania,96039,-67.665123,-60.426429
Sarah Chan,52,76785 Rhodes Manor Apt. 267,Walkershire,Illinois,95763,53.905893,-13.798127
Logan Downs,21,6630 Isabel Manor Suite 141,Lisaton,Montana,22596,90.986566,-43.5680165
Linda Little,36,728 David Trail Apt. 772,Jefferymouth,North Dakota,05535,-34.189765,-26.154753
Steve Harris,25,4436 Hess Hollow,Craigfort,South Dakota,25762,170.232742,40.393216
Robert Smith,35,3776 Decker Road,Michaelmouth,Massachusetts,76163,-157.598385,38.3841005
Brian Christensen,36,09812 Danielle Heights,Millerview,Mississippi,98128,157.687225,5.2467905
Chase Taylor,21,85642 Lawrence Knolls Suite 151,Lake Jason,Louisiana,22577,-129.133997,24.2439995
Cynthia Tran,36,9722 Williams Pass,South Allison,Florida,63486,110.589328,44.6157845
Alison Smith,78,9616 King Stream,North Mary,Rhode Island,88354,140.178807,-51.8025615
Mrs. Erika Henderson,45,63800 Craig Bypass,Paulmouth,Iowa,71213,-108.251128,-42.473908
Anthony Osborn,65,121 Hernandez Rapid Suite 088,North Stephanie,North Carolina,79780,-125.031791,-10.5717925
Stephanie Mcneil,69,565 Nicholas Divide Suite 892,New Charles,Utah,38302,13.058198,69.1847165
Brianna Robinson,55,8268 Melissa Mountains Apt. 365,Port Joel,Georgia,55685,4.751971,-19.8951005
Craig Salazar IV,72,24269 Strickland Course,South Timothy,Kansas,94208,-64.180313,-81.359013
Erica Daniels,22,177 Robinson Stravenue,Ronaldbury,Utah,17864,43.426148,-3.734403
Michael Rodriguez,80,9879 Patrick View Apt. 279,Lake Dorothy,Kentucky,96162,39.865376,51.064241
James Lane,56,02538 Anthony Corners Suite 366,Rojashaven,Nevada,71056,-144.298325,-2.6844235
Marilyn Bryant,49,8772 Tammy Parks Suite 394,New Kimberly,Iowa,87836,10.876935,-21.1932655
Meredith Russell,36,2214 Patterson Fort Apt. 264,North Nicoleborough,Missouri,78738,92.982874,28.600156
Cassie Bates,66,050 Cordova Crossing Apt. 902,Thompsonfurt,Minnesota,74544,26.882301,-51.2252915
Rebecca Garcia,27,2084 Ashlee Cliff Suite 129,North Amandahaven,Texas,72416,-43.383130,30.0754095
Joseph Fernandez,21,3977 Harold Lights Suite 307,Leemouth,Arkansas,30866,-122.476809,17.980398
